{
  "Profiles": [
    {
      "Name": "Karma Light HC",
      "Guid": "651E3923-8026-436F-8959-1E21101D5EC2",
      "Custom Command": "No",
      "Initial Text": "",
      "Ansi 0 Color": {
        "Alpha Component": 1,
        "Blue Component": 0,
        "Color Space": "sRGB",
        "Green Component": 0,
        "Red Component": 0
      },
      "Ansi 1 Color": {
        "Alpha Component": 1,
        "Blue Component": 0.3137254901960784,
        "Color Space": "sRGB",
        "Green Component": 0.08627450980392157,
        "Red Component": 0.7529411764705882
      },
      "Ansi 10 Color": {
        "Alpha Component": 1,
        "Blue Component": 0.10980392156862745,
        "Color Space": "sRGB",
        "Green Component": 0.43137254901960786,
        "Red Component": 0.10196078431372549
      },
      "Ansi 11 Color": {
        "Alpha Component": 1,
        "Blue Component": 0,
        "Color Space": "sRGB",
        "Green Component": 0.40784313725490196,
        "Red Component": 0.611764705882353
      },
      "Ansi 12 Color": {
        "Alpha Component": 1,
        "Blue Component": 0.6196078431372549,
        "Color Space": "sRGB",
        "Green Component": 0.3686274509803922,
        "Red Component": 0.1843137254901961
      },
      "Ansi 13 Color": {
        "Alpha Component": 1,
        "Blue Component": 0.6039215686274509,
        "Color Space": "sRGB",
        "Green Component": 0.17647058823529413,
        "Red Component": 0.30196078431372547
      },
      "Ansi 14 Color": {
        "Alpha Component": 1,
        "Blue Component": 0.6196078431372549,
        "Color Space": "sRGB",
        "Green Component": 0.3686274509803922,
        "Red Component": 0.1843137254901961
      },
      "Ansi 15 Color": {
        "Alpha Component": 1,
        "Blue Component": 0.0784313725490196,
        "Color Space": "sRGB",
        "Green Component": 0.054901960784313725,
        "Red Component": 0.0392156862745098
      },
      "Ansi 2 Color": {
        "Alpha Component": 1,
        "Blue Component": 0.10980392156862745,
        "Color Space": "sRGB",
        "Green Component": 0.43137254901960786,
        "Red Component": 0.10196078431372549
      },
      "Ansi 3 Color": {
        "Alpha Component": 1,
        "Blue Component": 0,
        "Color Space": "sRGB",
        "Green Component": 0.40784313725490196,
        "Red Component": 0.611764705882353
      },
      "Ansi 4 Color": {
        "Alpha Component": 1,
        "Blue Component": 0.6196078431372549,
        "Color Space": "sRGB",
        "Green Component": 0.3686274509803922,
        "Red Component": 0.1843137254901961
      },
      "Ansi 5 Color": {
        "Alpha Component": 1,
        "Blue Component": 0.6039215686274509,
        "Color Space": "sRGB",
        "Green Component": 0.17647058823529413,
        "Red Component": 0.30196078431372547
      },
      "Ansi 6 Color": {
        "Alpha Component": 1,
        "Blue Component": 0.6196078431372549,
        "Color Space": "sRGB",
        "Green Component": 0.3686274509803922,
        "Red Component": 0.1843137254901961
      },
      "Ansi 7 Color": {
        "Alpha Component": 1,
        "Blue Component": 0.18823529411764706,
        "Color Space": "sRGB",
        "Green Component": 0.17254901960784313,
        "Red Component": 0.1803921568627451
      },
      "Ansi 8 Color": {
        "Alpha Component": 1,
        "Blue Component": 0.6,
        "Color Space": "sRGB",
        "Green Component": 0.6,
        "Red Component": 0.6
      },
      "Ansi 9 Color": {
        "Alpha Component": 1,
        "Blue Component": 0.3137254901960784,
        "Color Space": "sRGB",
        "Green Component": 0.08627450980392157,
        "Red Component": 0.7529411764705882
      },
      "Background Color": {
        "Alpha Component": 1,
        "Blue Component": 1,
        "Color Space": "sRGB",
        "Green Component": 1,
        "Red Component": 1
      },
      "Bold Color": {
        "Alpha Component": 1,
        "Blue Component": 0,
        "Color Space": "sRGB",
        "Green Component": 0,
        "Red Component": 0
      },
      "Cursor Color": {
        "Alpha Component": 1,
        "Blue Component": 0.6039215686274509,
        "Color Space": "sRGB",
        "Green Component": 0.17647058823529413,
        "Red Component": 0.30196078431372547
      },
      "Cursor Text Color": {
        "Alpha Component": 1,
        "Blue Component": 1,
        "Color Space": "sRGB",
        "Green Component": 1,
        "Red Component": 1
      },
      "Foreground Color": {
        "Alpha Component": 1,
        "Blue Component": 0,
        "Color Space": "sRGB",
        "Green Component": 0,
        "Red Component": 0
      },
      "Link Color": {
        "Alpha Component": 1,
        "Blue Component": 0.6039215686274509,
        "Color Space": "sRGB",
        "Green Component": 0.17647058823529413,
        "Red Component": 0.30196078431372547
      },
      "Selected Text Color": {
        "Alpha Component": 1,
        "Blue Component": 0,
        "Color Space": "sRGB",
        "Green Component": 0,
        "Red Component": 0
      },
      "Selection Color": {
        "Alpha Component": 1,
        "Blue Component": 0.8470588235294118,
        "Color Space": "sRGB",
        "Green Component": 0.792156862745098,
        "Red Component": 0.8117647058823529
      }
    }
  ]
}
