{
  "Profiles": [
    {
      "Name": "Karma Light",
      "Guid": "B92F2A7A-CF64-48BA-867C-BD2EDDA70E35",
      "Custom Command": "No",
      "Initial Text": "",
      "Ansi 0 Color": {
        "Alpha Component": 1,
        "Blue Component": 0.0784313725490196,
        "Color Space": "sRGB",
        "Green Component": 0.054901960784313725,
        "Red Component": 0.0392156862745098
      },
      "Ansi 1 Color": {
        "Alpha Component": 1,
        "Blue Component": 0.5529411764705883,
        "Color Space": "sRGB",
        "Green Component": 0.3803921568627451,
        "Red Component": 0.9882352941176471
      },
      "Ansi 10 Color": {
        "Alpha Component": 1,
        "Blue Component": 0.1843137254901961,
        "Color Space": "sRGB",
        "Green Component": 0.592156862745098,
        "Red Component": 0.17647058823529413
      },
      "Ansi 11 Color": {
        "Alpha Component": 1,
        "Blue Component": 0.2,
        "Color Space": "sRGB",
        "Green Component": 0.6666666666666666,
        "Red Component": 1
      },
      "Ansi 12 Color": {
        "Alpha Component": 1,
        "Blue Component": 0.7803921568627451,
        "Color Space": "sRGB",
        "Green Component": 0.5333333333333333,
        "Red Component": 0.33725490196078434
      },
      "Ansi 13 Color": {
        "Alpha Component": 1,
        "Blue Component": 0.9921568627450981,
        "Color Space": "sRGB",
        "Green Component": 0.43137254901960786,
        "Red Component": 0.6588235294117647
      },
      "Ansi 14 Color": {
        "Alpha Component": 1,
        "Blue Component": 0.7803921568627451,
        "Color Space": "sRGB",
        "Green Component": 0.5333333333333333,
        "Red Component": 0.33725490196078434
      },
      "Ansi 15 Color": {
        "Alpha Component": 1,
        "Blue Component": 0.0784313725490196,
        "Color Space": "sRGB",
        "Green Component": 0.054901960784313725,
        "Red Component": 0.0392156862745098
      },
      "Ansi 2 Color": {
        "Alpha Component": 1,
        "Blue Component": 0.1843137254901961,
        "Color Space": "sRGB",
        "Green Component": 0.592156862745098,
        "Red Component": 0.17647058823529413
      },
      "Ansi 3 Color": {
        "Alpha Component": 1,
        "Blue Component": 0.06666666666666667,
        "Color Space": "sRGB",
        "Green Component": 0.6823529411764706,
        "Red Component": 0.9333333333333333
      },
      "Ansi 4 Color": {
        "Alpha Component": 1,
        "Blue Component": 0.7803921568627451,
        "Color Space": "sRGB",
        "Green Component": 0.5333333333333333,
        "Red Component": 0.33725490196078434
      },
      "Ansi 5 Color": {
        "Alpha Component": 1,
        "Blue Component": 0.7568627450980392,
        "Color Space": "sRGB",
        "Green Component": 0.25882352941176473,
        "Red Component": 0.43529411764705883
      },
      "Ansi 6 Color": {
        "Alpha Component": 1,
        "Blue Component": 0.7803921568627451,
        "Color Space": "sRGB",
        "Green Component": 0.5333333333333333,
        "Red Component": 0.33725490196078434
      },
      "Ansi 7 Color": {
        "Alpha Component": 1,
        "Blue Component": 0.3254901960784314,
        "Color Space": "sRGB",
        "Green Component": 0.3137254901960784,
        "Red Component": 0.3215686274509804
      },
      "Ansi 8 Color": {
        "Alpha Component": 1,
        "Blue Component": 0.6,
        "Color Space": "sRGB",
        "Green Component": 0.6,
        "Red Component": 0.6
      },
      "Ansi 9 Color": {
        "Alpha Component": 1,
        "Blue Component": 0.5529411764705883,
        "Color Space": "sRGB",
        "Green Component": 0.3803921568627451,
        "Red Component": 0.9882352941176471
      },
      "Background Color": {
        "Alpha Component": 1,
        "Blue Component": 1,
        "Color Space": "sRGB",
        "Green Component": 1,
        "Red Component": 1
      },
      "Bold Color": {
        "Alpha Component": 1,
        "Blue Component": 0,
        "Color Space": "sRGB",
        "Green Component": 0,
        "Red Component": 0
      },
      "Cursor Color": {
        "Alpha Component": 1,
        "Blue Component": 0.9921568627450981,
        "Color Space": "sRGB",
        "Green Component": 0.43137254901960786,
        "Red Component": 0.6588235294117647
      },
      "Cursor Text Color": {
        "Alpha Component": 1,
        "Blue Component": 1,
        "Color Space": "sRGB",
        "Green Component": 1,
        "Red Component": 1
      },
      "Foreground Color": {
        "Alpha Component": 1,
        "Blue Component": 0.0784313725490196,
        "Color Space": "sRGB",
        "Green Component": 0.054901960784313725,
        "Red Component": 0.0392156862745098
      },
      "Link Color": {
        "Alpha Component": 1,
        "Blue Component": 0.9921568627450981,
        "Color Space": "sRGB",
        "Green Component": 0.43137254901960786,
        "Red Component": 0.6588235294117647
      },
      "Selected Text Color": {
        "Alpha Component": 1,
        "Blue Component": 0.0784313725490196,
        "Color Space": "sRGB",
        "Green Component": 0.054901960784313725,
        "Red Component": 0.0392156862745098
      },
      "Selection Color": {
        "Alpha Component": 1,
        "Blue Component": 0.9176470588235294,
        "Color Space": "sRGB",
        "Green Component": 0.8901960784313725,
        "Red Component": 0.8980392156862745
      }
    }
  ]
}
