{
  "Profiles": [
    {
      "Name": "Karma Dark HC",
      "Guid": "FD49AF34-6D72-46C1-8605-C363F18F128D",
      "Custom Command": "No",
      "Initial Text": "",
      "Ansi 0 Color": {
        "Alpha Component": 1,
        "Blue Component": 0,
        "Color Space": "sRGB",
        "Green Component": 0,
        "Red Component": 0
      },
      "Ansi 1 Color": {
        "Alpha Component": 1,
        "Blue Component": 0.5294117647058824,
        "Color Space": "sRGB",
        "Green Component": 0.3607843137254902,
        "Red Component": 1
      },
      "Ansi 10 Color": {
        "Alpha Component": 1,
        "Blue Component": 0.6941176470588235,
        "Color Space": "sRGB",
        "Green Component": 0.9137254901960784,
        "Red Component": 0.6392156862745098
      },
      "Ansi 11 Color": {
        "Alpha Component": 1,
        "Blue Component": 0.5019607843137255,
        "Color Space": "sRGB",
        "Green Component": 0.9411764705882353,
        "Red Component": 1
      },
      "Ansi 12 Color": {
        "Alpha Component": 1,
        "Blue Component": 0.9450980392156862,
        "Color Space": "sRGB",
        "Green Component": 0.8980392156862745,
        "Red Component": 0.5294117647058824
      },
      "Ansi 13 Color": {
        "Alpha Component": 1,
        "Blue Component": 0.9568627450980393,
        "Color Space": "sRGB",
        "Green Component": 0.7137254901960784,
        "Red Component": 0.792156862745098
      },
      "Ansi 14 Color": {
        "Alpha Component": 1,
        "Blue Component": 0.9450980392156862,
        "Color Space": "sRGB",
        "Green Component": 0.8980392156862745,
        "Red Component": 0.5294117647058824
      },
      "Ansi 15 Color": {
        "Alpha Component": 1,
        "Blue Component": 1,
        "Color Space": "sRGB",
        "Green Component": 1,
        "Red Component": 1
      },
      "Ansi 2 Color": {
        "Alpha Component": 1,
        "Blue Component": 0.596078431372549,
        "Color Space": "sRGB",
        "Green Component": 0.8980392156862745,
        "Red Component": 0.5019607843137255
      },
      "Ansi 3 Color": {
        "Alpha Component": 1,
        "Blue Component": 0.4,
        "Color Space": "sRGB",
        "Green Component": 0.8980392156862745,
        "Red Component": 0.9882352941176471
      },
      "Ansi 4 Color": {
        "Alpha Component": 1,
        "Blue Component": 0.9215686274509803,
        "Color Space": "sRGB",
        "Green Component": 0.8627450980392157,
        "Red Component": 0.3803921568627451
      },
      "Ansi 5 Color": {
        "Alpha Component": 1,
        "Blue Component": 0.9333333333333333,
        "Color Space": "sRGB",
        "Green Component": 0.6392156862745098,
        "Red Component": 0.7254901960784313
      },
      "Ansi 6 Color": {
        "Alpha Component": 1,
        "Blue Component": 0.9215686274509803,
        "Color Space": "sRGB",
        "Green Component": 0.8627450980392157,
        "Red Component": 0.3803921568627451
      },
      "Ansi 7 Color": {
        "Alpha Component": 1,
        "Blue Component": 0.8588235294117647,
        "Color Space": "sRGB",
        "Green Component": 0.8235294117647058,
        "Red Component": 0.8392156862745098
      },
      "Ansi 8 Color": {
        "Alpha Component": 1,
        "Blue Component": 0.4235294117647059,
        "Color Space": "sRGB",
        "Green Component": 0.403921568627451,
        "Red Component": 0.4117647058823529
      },
      "Ansi 9 Color": {
        "Alpha Component": 1,
        "Blue Component": 0.6705882352941176,
        "Color Space": "sRGB",
        "Green Component": 0.5411764705882353,
        "Red Component": 1
      },
      "Background Color": {
        "Alpha Component": 1,
        "Blue Component": 0,
        "Color Space": "sRGB",
        "Green Component": 0,
        "Red Component": 0
      },
      "Bold Color": {
        "Alpha Component": 1,
        "Blue Component": 1,
        "Color Space": "sRGB",
        "Green Component": 1,
        "Red Component": 1
      },
      "Cursor Color": {
        "Alpha Component": 1,
        "Blue Component": 0.4,
        "Color Space": "sRGB",
        "Green Component": 0.8980392156862745,
        "Red Component": 0.9882352941176471
      },
      "Cursor Text Color": {
        "Alpha Component": 1,
        "Blue Component": 0,
        "Color Space": "sRGB",
        "Green Component": 0,
        "Red Component": 0
      },
      "Foreground Color": {
        "Alpha Component": 1,
        "Blue Component": 1,
        "Color Space": "sRGB",
        "Green Component": 1,
        "Red Component": 1
      },
      "Link Color": {
        "Alpha Component": 1,
        "Blue Component": 1,
        "Color Space": "sRGB",
        "Green Component": 0.5529411764705883,
        "Red Component": 0.7176470588235294
      },
      "Selected Text Color": {
        "Alpha Component": 1,
        "Blue Component": 1,
        "Color Space": "sRGB",
        "Green Component": 1,
        "Red Component": 1
      },
      "Selection Color": {
        "Alpha Component": 1,
        "Blue Component": 0.3686274509803922,
        "Color Space": "sRGB",
        "Green Component": 0.2901960784313726,
        "Red Component": 0.30196078431372547
      }
    }
  ]
}
