{
  "Profiles": [
    {
      "Name": "Karma Dark",
      "Guid": "1EBF97F9-AA53-4BBA-BFE3-90590577C52E",
      "Custom Command": "No",
      "Initial Text": "",
      "Ansi 0 Color": {
        "Alpha Component": 1,
        "Blue Component": 0.0784313725490196,
        "Color Space": "sRGB",
        "Green Component": 0.054901960784313725,
        "Red Component": 0.0392156862745098
      },
      "Ansi 1 Color": {
        "Alpha Component": 1,
        "Blue Component": 0.5529411764705883,
        "Color Space": "sRGB",
        "Green Component": 0.3803921568627451,
        "Red Component": 0.9882352941176471
      },
      "Ansi 10 Color": {
        "Alpha Component": 1,
        "Blue Component": 0.6705882352941176,
        "Color Space": "sRGB",
        "Green Component": 0.8901960784313725,
        "Red Component": 0.611764705882353
      },
      "Ansi 11 Color": {
        "Alpha Component": 1,
        "Blue Component": 0.4,
        "Color Space": "sRGB",
        "Green Component": 0.8980392156862745,
        "Red Component": 0.9882352941176471
      },
      "Ansi 12 Color": {
        "Alpha Component": 1,
        "Blue Component": 0.9333333333333333,
        "Color Space": "sRGB",
        "Green Component": 0.8784313725490196,
        "Red Component": 0.4980392156862745
      },
      "Ansi 13 Color": {
        "Alpha Component": 1,
        "Blue Component": 0.9411764705882353,
        "Color Space": "sRGB",
        "Green Component": 0.6901960784313725,
        "Red Component": 0.7647058823529411
      },
      "Ansi 14 Color": {
        "Alpha Component": 1,
        "Blue Component": 0.9333333333333333,
        "Color Space": "sRGB",
        "Green Component": 0.8784313725490196,
        "Red Component": 0.4980392156862745
      },
      "Ansi 15 Color": {
        "Alpha Component": 1,
        "Blue Component": 1,
        "Color Space": "sRGB",
        "Green Component": 0.9450980392156862,
        "Red Component": 0.9686274509803922
      },
      "Ansi 2 Color": {
        "Alpha Component": 1,
        "Blue Component": 0.5607843137254902,
        "Color Space": "sRGB",
        "Green Component": 0.8470588235294118,
        "Red Component": 0.4823529411764706
      },
      "Ansi 3 Color": {
        "Alpha Component": 1,
        "Blue Component": 0.4,
        "Color Space": "sRGB",
        "Green Component": 0.8980392156862745,
        "Red Component": 0.9882352941176471
      },
      "Ansi 4 Color": {
        "Alpha Component": 1,
        "Blue Component": 0.9019607843137255,
        "Color Space": "sRGB",
        "Green Component": 0.8313725490196079,
        "Red Component": 0.35294117647058826
      },
      "Ansi 5 Color": {
        "Alpha Component": 1,
        "Blue Component": 0.9019607843137255,
        "Color Space": "sRGB",
        "Green Component": 0.596078431372549,
        "Red Component": 0.6862745098039216
      },
      "Ansi 6 Color": {
        "Alpha Component": 1,
        "Blue Component": 0.9019607843137255,
        "Color Space": "sRGB",
        "Green Component": 0.8313725490196079,
        "Red Component": 0.35294117647058826
      },
      "Ansi 7 Color": {
        "Alpha Component": 1,
        "Blue Component": 0.7529411764705882,
        "Color Space": "sRGB",
        "Green Component": 0.7137254901960784,
        "Red Component": 0.7294117647058823
      },
      "Ansi 8 Color": {
        "Alpha Component": 1,
        "Blue Component": 0.4235294117647059,
        "Color Space": "sRGB",
        "Green Component": 0.403921568627451,
        "Red Component": 0.4117647058823529
      },
      "Ansi 9 Color": {
        "Alpha Component": 1,
        "Blue Component": 0.6274509803921569,
        "Color Space": "sRGB",
        "Green Component": 0.4823529411764706,
        "Red Component": 1
      },
      "Background Color": {
        "Alpha Component": 1,
        "Blue Component": 0.0784313725490196,
        "Color Space": "sRGB",
        "Green Component": 0.054901960784313725,
        "Red Component": 0.0392156862745098
      },
      "Bold Color": {
        "Alpha Component": 1,
        "Blue Component": 1,
        "Color Space": "sRGB",
        "Green Component": 1,
        "Red Component": 1
      },
      "Cursor Color": {
        "Alpha Component": 1,
        "Blue Component": 0.4,
        "Color Space": "sRGB",
        "Green Component": 0.8980392156862745,
        "Red Component": 0.9882352941176471
      },
      "Cursor Text Color": {
        "Alpha Component": 1,
        "Blue Component": 0.0784313725490196,
        "Color Space": "sRGB",
        "Green Component": 0.054901960784313725,
        "Red Component": 0.0392156862745098
      },
      "Foreground Color": {
        "Alpha Component": 1,
        "Blue Component": 1,
        "Color Space": "sRGB",
        "Green Component": 0.9450980392156862,
        "Red Component": 0.9686274509803922
      },
      "Link Color": {
        "Alpha Component": 1,
        "Blue Component": 0.9921568627450981,
        "Color Space": "sRGB",
        "Green Component": 0.43137254901960786,
        "Red Component": 0.6588235294117647
      },
      "Selected Text Color": {
        "Alpha Component": 1,
        "Blue Component": 1,
        "Color Space": "sRGB",
        "Green Component": 0.9450980392156862,
        "Red Component": 0.9686274509803922
      },
      "Selection Color": {
        "Alpha Component": 1,
        "Blue Component": 0.2901960784313726,
        "Color Space": "sRGB",
        "Green Component": 0.2196078431372549,
        "Red Component": 0.22745098039215686
      }
    }
  ]
}
